Dr. Amarpreet Singh Riar,https://www.practo.com/delhi/doctor/amarpreet-singh-riar-general-physician?specialization=General%20Physician&practice_id=1026302
Dr. George Kinuthia,https://www.vezeeta.co.ke/en/dr/doctor-george-kinuthia-general-practice
Dr. Kahenya Phillip Njenga,https://www.vezeeta.co.ke/en/dr/doctor-kahenya-phillip-njenga-general-practice
Dr. Paul Wanjohi,https://www.vezeeta.co.ke/en/dr/doctor-paul-wanjohi-general-practice
Dr. Rakesh Rajpal,https://www.vezeeta.co.ke/en/dr/doctor-rakesh-rajpal-general-practice
Dr. Florence Kiboi,https://www.vezeeta.co.ke/en/dr/doctor-florence-kiboi-general-practice
Dr. CHEPNGETICH CAREN,https://www.vezeeta.co.ke/en/dr/doctor-chepngetich-caren-general-practice













